id,username,email,created_at
1,golduplink10,golduplink10@seeded.app,2025-01-29 00:46:21
2,tidyzenith72,tidyzenith72@seeded.app,2025-01-07 19:28:06
3,forestengine04,forestengine04@hackstack.io,2024-06-05 05:25:13
4,clearyard61,clearyard61@hackstack.io,2025-01-31 17:16:12
5,jadenetwork49,jadenetwork49@acme.dev,2024-09-30 16:04:28
6,forestisland04,forestisland04@example.com,2025-06-26 05:36:03
7,vividharvest52,vividharvest52@seeded.app,2026-01-20 20:36:23
8,harbortrail01,harbortrail01@hackstack.io,2024-11-22 15:37:42
9,emberpioneer67,emberpioneer67@opswise.net,2025-03-11 11:56:41
10,urbansignal65,urbansignal65@relay.cloud,2024-10-26 07:09:08
11,youngbeacon91,youngbeacon91@example.com,2025-08-30 15:28:02
12,emberengine41,emberengine41@acme.dev,2024-06-17 15:28:03
13,ivoryuplink93,ivoryuplink93@opswise.net,2025-06-13 09:24:43
14,opalmeadow67,opalmeadow67@relay.cloud,2025-12-30 00:34:57
15,forestgarden83,forestgarden83@seeded.app,2025-12-17 17:16:30
16,proudmeadow51,proudmeadow51@example.com,2025-06-06 01:22:53
17,jadevalley41,jadevalley41@acme.dev,2025-01-30 05:36:12
18,dawndelta78,dawndelta78@acme.dev,2024-01-26 17:59:51
19,rapidengine07,rapidengine07@hackstack.io,2024-09-21 23:01:33
20,forestharvest51,forestharvest51@example.com,2024-07-24 11:32:47
21,clearsignal42,clearsignal42@opswise.net,2024-06-28 03:48:06
22,urbanmeadow51,urbanmeadow51@opswise.net,2025-11-26 14:55:30
23,briskcanyon81,briskcanyon81@acme.dev,2024-07-01 10:55:10
24,quietcanyon68,quietcanyon68@opswise.net,2025-01-02 23:37:13
25,emberquartz74,emberquartz74@hackstack.io,2025-08-02 22:44:49
26,quietfield20,quietfield20@hackstack.io,2024-02-29 03:48:30
27,youngriver67,youngriver67@example.com,2025-06-02 15:10:11
28,livelycanyon53,livelycanyon53@hackstack.io,2024-04-13 03:50:43
29,proudlagoon91,proudlagoon91@example.com,2024-07-20 12:51:27
30,proudisland42,proudisland42@hackstack.io,2024-05-17 11:19:54
31,briskriver50,briskriver50@relay.cloud,2025-12-30 20:10:29
32,warmjourney50,warmjourney50@hackstack.io,2025-11-19 05:53:39
33,calmengine52,calmengine52@relay.cloud,2025-03-16 02:57:31
34,calmbeacon63,calmbeacon63@relay.cloud,2026-01-19 15:36:16
35,jadeharvest84,jadeharvest84@opswise.net,2025-09-18 17:47:21
36,youngfield77,youngfield77@hackstack.io,2024-11-24 15:12:31
37,briskfield20,briskfield20@acme.dev,2025-01-26 14:16:41
38,urbananchor88,urbananchor88@example.com,2026-01-15 10:24:09
39,emberpioneer47,emberpioneer47@acme.dev,2024-04-07 05:25:33
40,goldyard03,goldyard03@relay.cloud,2024-02-04 05:03:46
41,tidyriver67,tidyriver67@acme.dev,2025-11-10 02:36:55
42,youngharvest52,youngharvest52@seeded.app,2025-11-21 16:36:56
43,ivoryorbit35,ivoryorbit35@seeded.app,2025-11-21 14:37:37
44,vividpioneer78,vividpioneer78@seeded.app,2024-07-11 16:18:49
45,jadeharvest91,jadeharvest91@example.com,2025-05-26 00:00:24
46,calmgarden63,calmgarden63@hackstack.io,2024-05-29 14:00:25
47,ivoryjourney48,ivoryjourney48@acme.dev,2025-03-29 15:42:19
48,silverwindow07,silverwindow07@seeded.app,2025-07-07 22:55:25
49,opalisland12,opalisland12@acme.dev,2025-11-25 14:34:31
50,tidysignal50,tidysignal50@hackstack.io,2025-07-11 04:38:27
51,quietyard48,quietyard48@hackstack.io,2025-06-17 12:44:42
52,cobaltanchor60,cobaltanchor60@hackstack.io,2024-03-04 16:23:03
53,keenvalley75,keenvalley75@seeded.app,2026-01-11 19:38:29
54,mellowpioneer26,mellowpioneer26@example.com,2024-08-16 06:02:46
55,youngorbit65,youngorbit65@acme.dev,2025-08-16 15:42:09
56,cobaltlagoon65,cobaltlagoon65@example.com,2024-06-14 06:03:31
57,harborfield63,harborfield63@example.com,2024-07-01 17:00:53
58,briskkernel93,briskkernel93@acme.dev,2025-01-25 18:02:20
59,quietnetwork12,quietnetwork12@relay.cloud,2024-08-20 09:10:14
60,livelyuplink39,livelyuplink39@example.com,2025-02-13 02:12:32
61,cobaltmeadow23,cobaltmeadow23@seeded.app,2024-09-04 18:06:04
62,tidysignal49,tidysignal49@opswise.net,2025-03-04 07:06:01
63,ambertrail67,ambertrail67@relay.cloud,2024-05-22 10:24:49
64,youngmeadow82,youngmeadow82@relay.cloud,2025-09-30 07:52:23
65,ivorysignal65,ivorysignal65@example.com,2025-11-26 15:21:54
66,dawncanyon86,dawncanyon86@example.com,2024-10-16 03:40:03
67,clearjourney70,clearjourney70@relay.cloud,2024-09-05 10:49:34
68,ambernetwork46,ambernetwork46@relay.cloud,2025-07-14 10:38:34
69,harborwindow07,harborwindow07@example.com,2025-12-06 04:03:03
70,proudjourney26,proudjourney26@opswise.net,2024-05-22 20:18:33
71,calmvalley81,calmvalley81@example.com,2025-11-07 09:02:35
72,keenlagoon70,keenlagoon70@opswise.net,2024-12-25 05:49:15
73,cobaltpioneer04,cobaltpioneer04@opswise.net,2024-02-10 23:29:04
74,briskgarden34,briskgarden34@hackstack.io,2024-06-17 15:29:46
75,urbanyard29,urbanyard29@opswise.net,2025-10-24 11:30:23
76,mellowmeadow24,mellowmeadow24@seeded.app,2025-01-01 23:29:57
77,youngwindow08,youngwindow08@relay.cloud,2025-10-16 22:56:04
78,dawnfield39,dawnfield39@relay.cloud,2024-05-29 03:54:46
79,proudorbit89,proudorbit89@example.com,2024-12-28 09:32:22
80,embermeadow16,embermeadow16@relay.cloud,2025-05-07 02:26:22
81,vividwindow73,vividwindow73@opswise.net,2025-08-14 04:28:47
82,amberriver82,amberriver82@seeded.app,2026-01-17 04:27:17
83,urbanlagoon02,urbanlagoon02@hackstack.io,2024-09-05 22:00:51
84,urbanpioneer71,urbanpioneer71@relay.cloud,2025-11-16 08:55:12
85,silverengine30,silverengine30@hackstack.io,2024-04-03 09:01:20
86,urbanmeadow13,urbanmeadow13@hackstack.io,2024-02-19 23:50:25
87,clearnetwork95,clearnetwork95@seeded.app,2024-09-05 05:44:15
88,ivoryriver04,ivoryriver04@opswise.net,2024-11-12 19:03:33
89,goldjourney94,goldjourney94@example.com,2024-01-25 01:50:03
90,opalmeadow78,opalmeadow78@seeded.app,2025-09-06 09:30:41
91,forestpioneer89,forestpioneer89@example.com,2024-04-24 21:01:00
92,jadetrail41,jadetrail41@opswise.net,2024-02-07 12:04:09
93,proudzenith41,proudzenith41@acme.dev,2024-05-04 03:24:43
94,harborcanyon61,harborcanyon61@hackstack.io,2025-09-13 21:35:02
95,livelyuplink84,livelyuplink84@opswise.net,2025-12-27 07:33:37
96,embervalley38,embervalley38@acme.dev,2025-11-11 06:51:37
97,urbanbeacon53,urbanbeacon53@hackstack.io,2024-09-14 20:17:12
98,navyfield28,navyfield28@acme.dev,2024-03-11 21:58:33
99,dawnquartz12,dawnquartz12@relay.cloud,2024-01-26 04:57:49
100,calmlagoon21,calmlagoon21@hackstack.io,2024-01-30 10:19:35
101,calmgarden80,calmgarden80@example.com,2025-06-01 04:56:21
102,vividfield32,vividfield32@hackstack.io,2025-07-17 13:00:38
103,livelycanyon62,livelycanyon62@hackstack.io,2025-01-09 15:47:41
104,emberlagoon66,emberlagoon66@hackstack.io,2025-01-05 06:56:59
105,jadegarden00,jadegarden00@example.com,2024-05-12 03:29:41
106,ivorymeadow78,ivorymeadow78@example.com,2025-02-27 03:17:13
107,youngnetwork13,youngnetwork13@example.com,2024-08-21 15:38:38
108,silveruplink32,silveruplink32@relay.cloud,2025-06-11 06:13:49
109,youngjourney71,youngjourney71@relay.cloud,2025-09-27 03:04:15
110,ivorywindow36,ivorywindow36@seeded.app,2024-10-24 08:30:44
111,goldengine33,goldengine33@opswise.net,2025-11-08 14:24:04
112,embervalley71,embervalley71@hackstack.io,2024-12-14 10:34:53
113,forestengine06,forestengine06@seeded.app,2024-12-20 07:03:55
114,urbanzenith53,urbanzenith53@example.com,2025-09-21 21:10:14
115,dawnkernel45,dawnkernel45@hackstack.io,2024-07-22 20:41:18
116,harbornetwork17,harbornetwork17@opswise.net,2025-01-09 08:15:51
117,dawnvalley38,dawnvalley38@acme.dev,2025-05-18 15:28:57
118,emberwindow53,emberwindow53@acme.dev,2025-01-25 19:59:04
119,opalvalley97,opalvalley97@hackstack.io,2024-01-03 21:17:03
120,tidycanyon31,tidycanyon31@example.com,2024-12-23 17:25:31
121,rapidcanyon51,rapidcanyon51@opswise.net,2025-10-25 16:30:50
122,silverkernel80,silverkernel80@relay.cloud,2025-12-10 05:57:13
123,vividzenith30,vividzenith30@hackstack.io,2024-09-22 10:15:10
124,keencanyon82,keencanyon82@opswise.net,2024-12-12 13:45:24
125,goldlagoon88,goldlagoon88@opswise.net,2025-09-15 01:40:51
126,youngtrail24,youngtrail24@acme.dev,2025-11-15 06:57:01
127,ambergarden52,ambergarden52@relay.cloud,2024-07-03 21:32:46
128,youngcanyon19,youngcanyon19@acme.dev,2025-01-26 01:03:09
129,harborkernel54,harborkernel54@acme.dev,2025-02-24 20:28:03
130,briskdelta34,briskdelta34@hackstack.io,2024-02-18 13:20:24
131,clearzenith73,clearzenith73@hackstack.io,2024-01-29 12:20:14
132,ivorywindow65,ivorywindow65@relay.cloud,2025-11-12 12:52:53
133,silverjourney97,silverjourney97@opswise.net,2025-09-30 18:31:49
134,livelymeadow05,livelymeadow05@hackstack.io,2024-08-02 05:20:40
135,navyfield17,navyfield17@example.com,2025-10-12 05:24:33
136,proudmeadow88,proudmeadow88@seeded.app,2025-09-03 08:43:19
137,ambercanyon89,ambercanyon89@relay.cloud,2024-02-27 04:35:13
138,opalisland71,opalisland71@opswise.net,2024-07-02 03:34:08
139,dawngarden30,dawngarden30@hackstack.io,2025-10-02 17:00:04
140,vividsignal74,vividsignal74@acme.dev,2025-10-24 05:08:17
141,brisktrail86,brisktrail86@hackstack.io,2024-06-23 22:10:48
142,cobaltwindow48,cobaltwindow48@opswise.net,2025-07-30 04:21:50
143,dawnmeadow05,dawnmeadow05@opswise.net,2025-11-25 01:16:17
144,dawnnetwork61,dawnnetwork61@acme.dev,2025-11-09 05:37:05
145,youngriver16,youngriver16@seeded.app,2025-04-08 13:00:46
146,emberanchor80,emberanchor80@seeded.app,2024-10-20 17:48:30
147,quietengine11,quietengine11@relay.cloud,2025-12-30 12:13:19
148,silverfield29,silverfield29@seeded.app,2026-01-10 18:10:26
149,goldsignal74,goldsignal74@opswise.net,2024-11-03 08:09:28
150,livelytrail26,livelytrail26@opswise.net,2025-12-03 19:40:56
151,keenvalley01,keenvalley01@hackstack.io,2024-10-07 02:17:56
152,amberpioneer02,amberpioneer02@hackstack.io,2025-07-26 22:35:14
153,opalzenith49,opalzenith49@example.com,2024-09-09 03:01:07
154,vividanchor72,vividanchor72@opswise.net,2024-06-16 08:57:41
155,cobaltwindow80,cobaltwindow80@hackstack.io,2025-07-04 03:55:46
156,forestbeacon51,forestbeacon51@acme.dev,2024-01-09 09:45:18
157,calmnetwork78,calmnetwork78@seeded.app,2024-11-08 22:38:38
158,prouduplink80,prouduplink80@example.com,2025-10-23 19:20:40
159,urbantrail78,urbantrail78@seeded.app,2025-12-24 23:52:03
160,quietharvest35,quietharvest35@seeded.app,2024-04-23 11:39:31
161,silverengine26,silverengine26@seeded.app,2024-04-06 06:45:48
162,ivoryvalley69,ivoryvalley69@example.com,2025-08-26 21:56:30
163,embersignal96,embersignal96@hackstack.io,2024-11-07 11:15:22
164,jadetrail98,jadetrail98@seeded.app,2025-02-17 20:28:19
165,rapidisland51,rapidisland51@opswise.net,2025-03-15 16:28:07
166,emberbeacon86,emberbeacon86@opswise.net,2024-09-09 05:41:51
167,quietmeadow18,quietmeadow18@acme.dev,2025-06-11 17:55:58
168,silveranchor85,silveranchor85@seeded.app,2025-12-02 02:03:34
169,goldengine01,goldengine01@seeded.app,2025-09-25 09:57:18
170,calmlagoon77,calmlagoon77@seeded.app,2024-07-04 15:24:00
171,forestbeacon65,forestbeacon65@seeded.app,2024-04-05 00:14:18
172,proudtrail88,proudtrail88@acme.dev,2024-05-11 07:21:28
173,calmbeacon62,calmbeacon62@opswise.net,2024-07-12 23:26:56
174,urbanharvest27,urbanharvest27@example.com,2024-11-27 12:51:45
175,ivorynetwork28,ivorynetwork28@seeded.app,2025-02-03 09:22:45
176,ambercanyon02,ambercanyon02@hackstack.io,2025-05-25 00:55:50
177,rapidanchor67,rapidanchor67@seeded.app,2024-06-15 20:09:04
178,silverbeacon91,silverbeacon91@seeded.app,2024-03-11 16:48:26
179,amberzenith00,amberzenith00@relay.cloud,2025-04-22 07:07:16
180,forestyard93,forestyard93@relay.cloud,2025-04-26 06:39:23
181,rapidvalley02,rapidvalley02@hackstack.io,2025-09-22 23:48:36
182,mellowcanyon11,mellowcanyon11@opswise.net,2024-08-11 22:53:20
183,amberengine48,amberengine48@seeded.app,2024-08-20 15:31:09
184,vividengine32,vividengine32@hackstack.io,2024-06-21 18:02:35
185,clearengine50,clearengine50@example.com,2024-09-15 11:38:03
186,proudorbit14,proudorbit14@relay.cloud,2024-09-07 09:37:54
187,keenfield67,keenfield67@relay.cloud,2025-01-21 11:05:29
188,vividfield10,vividfield10@acme.dev,2024-03-02 00:31:22
189,proudharvest51,proudharvest51@opswise.net,2025-07-30 09:34:43
190,harborpioneer50,harborpioneer50@relay.cloud,2025-04-08 03:00:32
191,jadeuplink20,jadeuplink20@acme.dev,2024-08-12 12:19:51
192,silverquartz37,silverquartz37@example.com,2025-12-07 13:42:57
193,amberengine39,amberengine39@seeded.app,2025-08-05 02:54:54
194,mellowvalley15,mellowvalley15@hackstack.io,2024-08-28 18:31:48
195,opallagoon71,opallagoon71@example.com,2024-07-06 21:44:42
196,warmtrail27,warmtrail27@example.com,2024-02-02 05:21:56
197,navyanchor03,navyanchor03@opswise.net,2024-10-14 16:58:29
198,navylagoon73,navylagoon73@seeded.app,2024-02-10 06:18:50
199,harbornetwork47,harbornetwork47@example.com,2025-08-30 00:30:10
200,warmengine44,warmengine44@seeded.app,2024-06-21 22:30:43
201,jadeorbit03,jadeorbit03@seeded.app,2024-10-19 23:58:27
202,clearwindow58,clearwindow58@acme.dev,2024-06-03 15:10:51
203,urbanmeadow14,urbanmeadow14@seeded.app,2025-09-15 07:52:15
204,proudyard51,proudyard51@hackstack.io,2024-11-28 19:53:05
205,clearuplink16,clearuplink16@example.com,2025-02-04 14:21:32
206,mellowuplink57,mellowuplink57@opswise.net,2025-04-21 12:59:00
207,proudpioneer10,proudpioneer10@example.com,2025-02-23 09:50:33
208,jadejourney16,jadejourney16@relay.cloud,2025-06-14 06:56:53
209,quietquartz02,quietquartz02@opswise.net,2024-01-22 20:06:47
210,vividgarden87,vividgarden87@relay.cloud,2025-01-16 11:50:06
211,clearyard50,clearyard50@relay.cloud,2024-07-26 11:59:25
212,goldwindow48,goldwindow48@opswise.net,2024-04-20 06:01:19
213,silvernetwork54,silvernetwork54@seeded.app,2025-10-13 12:18:16
214,mellowsignal65,mellowsignal65@example.com,2024-10-14 21:23:16
215,livelyfield22,livelyfield22@acme.dev,2024-10-19 17:42:37
216,opalorbit50,opalorbit50@seeded.app,2024-11-19 00:03:16
217,silvergarden45,silvergarden45@hackstack.io,2025-11-07 00:46:30
218,goldanchor72,goldanchor72@acme.dev,2025-07-26 06:28:45
219,warmsignal29,warmsignal29@acme.dev,2024-11-10 00:21:24
220,ivoryorbit31,ivoryorbit31@hackstack.io,2024-06-22 11:36:27
221,warmpioneer99,warmpioneer99@relay.cloud,2025-02-26 16:18:48
222,opalriver55,opalriver55@acme.dev,2024-06-27 22:22:09
223,amberfield02,amberfield02@seeded.app,2024-09-20 00:41:59
224,quietfield40,quietfield40@example.com,2025-11-26 20:59:00
225,goldvalley14,goldvalley14@opswise.net,2024-05-09 21:28:22
226,warmjourney50,warmjourney50@opswise.net,2025-06-19 15:12:53
227,urbanriver71,urbanriver71@example.com,2025-10-04 12:40:40
228,dawnengine20,dawnengine20@relay.cloud,2025-07-13 19:42:35
229,urbanisland76,urbanisland76@hackstack.io,2025-04-25 06:56:45
230,dawnsignal65,dawnsignal65@opswise.net,2025-06-11 17:07:24
231,emberengine76,emberengine76@acme.dev,2024-11-24 16:36:31
232,warmtrail35,warmtrail35@relay.cloud,2025-11-28 15:32:37
233,emberdelta98,emberdelta98@opswise.net,2024-06-20 21:58:00
234,navypioneer84,navypioneer84@opswise.net,2025-11-29 15:22:46
235,mellowisland22,mellowisland22@hackstack.io,2025-09-19 01:14:55
236,dawnisland02,dawnisland02@example.com,2025-07-18 16:21:10
237,rapidtrail07,rapidtrail07@opswise.net,2025-02-16 18:19:10
238,quietharvest78,quietharvest78@opswise.net,2024-08-05 14:25:16
239,clearzenith94,clearzenith94@seeded.app,2024-11-21 05:11:07
240,calmquartz20,calmquartz20@example.com,2024-03-31 21:56:38
241,emberengine63,emberengine63@hackstack.io,2025-08-05 13:22:49
242,ivorymeadow13,ivorymeadow13@seeded.app,2025-11-15 06:27:04
243,harbortrail47,harbortrail47@relay.cloud,2024-09-18 07:57:29
244,forestbeacon00,forestbeacon00@hackstack.io,2024-02-22 04:16:02
245,ivoryisland24,ivoryisland24@example.com,2024-01-14 09:02:05
246,harbordelta64,harbordelta64@acme.dev,2025-03-13 09:46:59
247,emberquartz48,emberquartz48@opswise.net,2025-05-12 11:58:25
248,amberorbit60,amberorbit60@opswise.net,2025-05-25 12:21:01
249,tidyorbit54,tidyorbit54@opswise.net,2024-09-28 10:05:38
250,goldzenith00,goldzenith00@hackstack.io,2024-12-24 15:16:54
251,livelywindow85,livelywindow85@acme.dev,2024-03-22 21:09:59
252,livelyquartz77,livelyquartz77@opswise.net,2025-03-20 11:14:13
253,vividwindow90,vividwindow90@relay.cloud,2025-05-22 15:46:58
254,jadeengine61,jadeengine61@acme.dev,2025-07-29 22:37:53
255,keenpioneer88,keenpioneer88@acme.dev,2024-10-15 03:21:51
256,dawnuplink62,dawnuplink62@seeded.app,2025-09-27 20:50:52
257,navyriver99,navyriver99@example.com,2025-10-25 03:19:54
258,amberjourney18,amberjourney18@seeded.app,2024-12-05 21:04:20
259,vividlagoon99,vividlagoon99@example.com,2025-10-01 22:36:20
260,urbanengine57,urbanengine57@relay.cloud,2025-11-30 18:19:55
261,urbanharvest59,urbanharvest59@example.com,2025-03-25 05:22:07
262,dawnzenith83,dawnzenith83@opswise.net,2026-01-25 08:00:21
263,amberquartz98,amberquartz98@opswise.net,2025-02-27 05:33:05
264,silveruplink35,silveruplink35@hackstack.io,2026-01-14 10:48:42
265,mellowengine85,mellowengine85@opswise.net,2025-07-07 07:39:03
266,ivorycanyon98,ivorycanyon98@opswise.net,2025-07-23 03:47:45
267,mellowsignal23,mellowsignal23@acme.dev,2025-01-03 00:17:22
268,cobaltorbit65,cobaltorbit65@acme.dev,2025-07-03 12:06:16
269,dawndelta70,dawndelta70@example.com,2024-12-01 12:53:53
270,silvergarden34,silvergarden34@seeded.app,2024-08-06 11:08:28
271,silvervalley35,silvervalley35@acme.dev,2025-05-20 13:01:17
272,jadecanyon82,jadecanyon82@acme.dev,2024-03-20 21:03:45
273,brisksignal43,brisksignal43@opswise.net,2024-05-24 10:07:41
274,jadefield00,jadefield00@relay.cloud,2024-12-12 06:15:29
275,silvergarden96,silvergarden96@example.com,2024-06-10 01:12:07
276,urbanjourney86,urbanjourney86@opswise.net,2025-08-06 20:21:09
277,mellowlagoon67,mellowlagoon67@example.com,2025-04-12 23:19:02
278,jadefield36,jadefield36@example.com,2024-08-25 18:46:43
279,emberjourney20,emberjourney20@opswise.net,2024-09-08 09:20:21
280,emberorbit68,emberorbit68@hackstack.io,2024-07-15 11:36:31
281,clearkernel26,clearkernel26@acme.dev,2024-07-01 19:16:00
282,warmjourney45,warmjourney45@opswise.net,2025-02-02 03:30:59
283,harboryard33,harboryard33@example.com,2025-09-27 18:47:33
284,livelygarden92,livelygarden92@hackstack.io,2025-10-01 20:56:34
285,quietbeacon10,quietbeacon10@example.com,2024-02-19 01:21:03
286,livelyisland37,livelyisland37@relay.cloud,2026-01-11 00:30:06
287,keenengine10,keenengine10@opswise.net,2024-06-28 12:18:25
288,clearvalley26,clearvalley26@opswise.net,2025-05-10 20:25:21
289,vividsignal84,vividsignal84@seeded.app,2024-02-02 11:55:51
290,calmyard64,calmyard64@seeded.app,2024-11-25 16:17:04
291,ambermeadow16,ambermeadow16@opswise.net,2024-06-11 10:38:04
292,calmkernel56,calmkernel56@acme.dev,2024-04-02 08:34:21
293,calmharvest94,calmharvest94@acme.dev,2025-04-17 18:36:47
294,jadezenith66,jadezenith66@hackstack.io,2025-03-07 20:26:36
295,rapidfield28,rapidfield28@opswise.net,2025-09-03 20:57:48
296,tidyquartz42,tidyquartz42@acme.dev,2024-08-10 23:57:28
297,quietjourney44,quietjourney44@seeded.app,2025-02-06 11:12:32
298,opaldelta84,opaldelta84@opswise.net,2025-06-15 00:31:13
299,quietbeacon85,quietbeacon85@example.com,2024-07-13 21:49:03
300,harbornetwork95,harbornetwork95@acme.dev,2025-10-13 02:15:03
301,proudkernel80,proudkernel80@relay.cloud,2024-08-06 05:31:20
302,goldkernel12,goldkernel12@acme.dev,2024-12-14 14:24:14
303,rapidanchor26,rapidanchor26@example.com,2024-08-21 03:40:20
304,proudzenith49,proudzenith49@relay.cloud,2024-12-24 13:12:34
305,amberengine22,amberengine22@acme.dev,2025-01-09 21:53:09
306,mellowcanyon05,mellowcanyon05@relay.cloud,2025-09-27 01:11:04
307,goldcanyon23,goldcanyon23@relay.cloud,2024-05-05 19:28:02
308,proudcanyon84,proudcanyon84@example.com,2024-10-07 13:32:48
309,emberjourney47,emberjourney47@relay.cloud,2024-12-26 06:51:36
310,cobaltkernel94,cobaltkernel94@example.com,2024-11-15 01:35:17
311,jademeadow03,jademeadow03@acme.dev,2025-02-01 11:45:16
312,emberriver46,emberriver46@acme.dev,2024-05-13 12:32:48
313,goldlagoon51,goldlagoon51@example.com,2025-07-04 04:57:59
314,urbanquartz21,urbanquartz21@relay.cloud,2024-12-07 03:10:30
315,silveruplink97,silveruplink97@seeded.app,2024-03-13 21:17:29
316,urbannetwork32,urbannetwork32@opswise.net,2025-06-27 19:54:20
317,warmkernel41,warmkernel41@acme.dev,2025-11-01 10:50:30
318,briskharvest19,briskharvest19@seeded.app,2024-07-18 07:32:33
319,jadewindow35,jadewindow35@relay.cloud,2025-12-27 04:54:31
320,vividdelta49,vividdelta49@hackstack.io,2025-12-10 11:39:35
321,warmengine06,warmengine06@acme.dev,2025-10-02 14:23:03
322,urbanharvest11,urbanharvest11@seeded.app,2024-12-18 20:19:26
323,goldvalley21,goldvalley21@example.com,2025-08-13 12:53:38
324,jadejourney78,jadejourney78@opswise.net,2025-10-07 14:58:14
325,livelyzenith97,livelyzenith97@opswise.net,2025-10-26 17:36:40
326,jadewindow07,jadewindow07@example.com,2025-04-12 22:53:05
327,navyjourney09,navyjourney09@relay.cloud,2024-01-04 17:10:43
328,clearkernel27,clearkernel27@opswise.net,2025-01-22 20:15:52
329,urbanbeacon17,urbanbeacon17@seeded.app,2025-04-10 05:55:54
330,cleardelta34,cleardelta34@relay.cloud,2026-01-01 11:39:30
331,jadeyard06,jadeyard06@hackstack.io,2026-01-29 09:46:09
332,urbanfield99,urbanfield99@seeded.app,2025-09-17 17:11:50
333,navynetwork76,navynetwork76@hackstack.io,2025-07-04 12:06:10
334,silverbeacon54,silverbeacon54@relay.cloud,2024-08-22 06:24:00
335,briskfield75,briskfield75@opswise.net,2025-07-22 09:03:03
336,calmisland08,calmisland08@relay.cloud,2024-05-19 14:11:21
337,urbanquartz24,urbanquartz24@hackstack.io,2025-05-30 06:02:12
338,mellowpioneer66,mellowpioneer66@acme.dev,2025-04-30 01:27:35
339,ambergarden27,ambergarden27@seeded.app,2025-11-07 00:22:53
340,keenkernel46,keenkernel46@acme.dev,2024-06-22 09:49:50
341,mellowisland35,mellowisland35@hackstack.io,2025-01-11 05:01:01
342,briskjourney25,briskjourney25@opswise.net,2025-06-29 07:02:01
343,rapidvalley42,rapidvalley42@acme.dev,2024-11-29 22:39:34
344,ivoryuplink81,ivoryuplink81@relay.cloud,2025-12-02 21:44:04
345,vividuplink51,vividuplink51@acme.dev,2025-07-21 16:01:09
346,emberkernel11,emberkernel11@relay.cloud,2024-02-18 22:24:08
347,clearjourney17,clearjourney17@opswise.net,2024-03-04 02:20:23
348,quietriver40,quietriver40@example.com,2024-05-26 09:42:28
349,keenengine84,keenengine84@opswise.net,2025-03-31 13:55:56
350,proudorbit38,proudorbit38@hackstack.io,2025-12-07 19:54:05
351,vividwindow31,vividwindow31@opswise.net,2025-04-27 05:20:55
352,clearuplink32,clearuplink32@seeded.app,2024-09-05 05:01:07
353,cobaltbeacon98,cobaltbeacon98@acme.dev,2025-08-01 19:03:35
354,amberzenith73,amberzenith73@hackstack.io,2025-05-01 22:09:57
355,vividanchor64,vividanchor64@opswise.net,2025-02-25 23:47:09
356,dawnanchor41,dawnanchor41@relay.cloud,2025-07-05 18:34:42
357,livelyengine09,livelyengine09@seeded.app,2025-03-31 09:03:52
358,warmorbit07,warmorbit07@seeded.app,2024-11-25 02:24:00
359,rapidcanyon05,rapidcanyon05@acme.dev,2024-09-06 03:57:11
360,jadedelta86,jadedelta86@seeded.app,2024-04-19 15:44:24
361,jadewindow13,jadewindow13@seeded.app,2024-02-22 17:12:22
362,silverharvest62,silverharvest62@hackstack.io,2025-02-03 20:47:31
363,embervalley12,embervalley12@relay.cloud,2024-05-14 16:09:16
364,keentrail89,keentrail89@relay.cloud,2026-01-01 06:18:53
365,jadepioneer48,jadepioneer48@relay.cloud,2024-06-09 12:45:17
366,navykernel09,navykernel09@hackstack.io,2025-02-20 10:30:19
367,cobaltquartz37,cobaltquartz37@opswise.net,2025-02-21 16:50:51
368,opalbeacon95,opalbeacon95@acme.dev,2024-01-01 05:53:07
369,jadedelta44,jadedelta44@opswise.net,2025-03-17 18:09:23
370,youngsignal67,youngsignal67@example.com,2024-03-30 23:09:30
371,warmdelta24,warmdelta24@acme.dev,2024-12-21 11:00:58
372,mellowlagoon86,mellowlagoon86@example.com,2024-09-05 18:25:42
373,dawnkernel89,dawnkernel89@opswise.net,2025-07-28 16:14:52
374,livelyuplink15,livelyuplink15@hackstack.io,2024-08-26 10:20:32
375,forestisland79,forestisland79@seeded.app,2025-07-31 22:51:35
376,warmbeacon73,warmbeacon73@opswise.net,2025-01-02 19:24:27
377,clearkernel78,clearkernel78@acme.dev,2025-06-28 02:03:48
378,keenuplink82,keenuplink82@acme.dev,2024-12-30 01:22:39
379,quietsignal99,quietsignal99@opswise.net,2024-12-24 08:11:55
380,mellowmeadow80,mellowmeadow80@example.com,2024-02-14 11:29:26
381,tidylagoon69,tidylagoon69@example.com,2025-06-06 13:26:36
382,opaldelta90,opaldelta90@acme.dev,2025-07-24 02:20:04
383,ivoryyard02,ivoryyard02@seeded.app,2025-10-28 22:15:56
384,ivorypioneer24,ivorypioneer24@relay.cloud,2024-04-29 03:17:48
385,ivoryquartz41,ivoryquartz41@relay.cloud,2024-07-07 19:43:59
386,amberpioneer44,amberpioneer44@opswise.net,2025-03-07 04:30:46
387,emberquartz44,emberquartz44@relay.cloud,2024-03-05 06:22:30
388,vividzenith43,vividzenith43@opswise.net,2025-10-19 17:30:44
389,amberbeacon45,amberbeacon45@seeded.app,2025-08-13 23:01:47
390,proudriver04,proudriver04@acme.dev,2024-07-02 07:22:16
391,tidynetwork30,tidynetwork30@hackstack.io,2025-06-11 23:48:08
392,briskorbit43,briskorbit43@hackstack.io,2024-11-08 02:39:00
393,quietzenith99,quietzenith99@example.com,2025-06-12 13:32:12
394,ivoryriver00,ivoryriver00@example.com,2025-02-24 21:41:49
395,younganchor02,younganchor02@opswise.net,2025-05-04 16:09:51
396,emberyard27,emberyard27@acme.dev,2025-08-06 05:11:53
397,amberquartz46,amberquartz46@hackstack.io,2025-10-08 14:42:17
398,jadeyard63,jadeyard63@relay.cloud,2025-10-04 23:25:34
399,mellowkernel05,mellowkernel05@acme.dev,2025-08-07 22:32:53
400,cobaltyard48,cobaltyard48@seeded.app,2024-10-16 18:12:31
